CIDADES;jan;fev;mar;abr;mai;jun;jul;ago;set;out;nov;dez
ACEGUA;0;0;0;1;0;2;1;1;0;1;0;0
AGUA SANTA;0;0;1;0;0;1;0;0;0;0;1;1
AGUDO;5;7;0;6;4;1;0;0;3;1;2;3
AJURICABA;1;0;2;1;0;1;2;1;1;2;4;0
ALECRIM;1;0;1;0;0;1;2;0;3;0;1;0
ALEGRETE;14;18;13;11;5;15;7;11;12;8;14;14
ALEGRIA;0;0;0;0;0;0;0;1;0;1;1;0
ALMIRANTE TAMANDARE DO SUL;0;0;0;0;0;0;0;0;0;0;0;0
ALPESTRE;0;0;0;1;0;0;0;0;1;0;1;1
ALTO ALEGRE;0;0;0;0;0;0;0;1;0;0;0;0
ALTO FELIZ;0;0;0;0;0;0;0;0;0;0;0;0
ALVORADA;33;29;48;41;31;20;30;26;32;26;40;56
AMARAL FERRADOR;0;0;0;0;0;0;1;0;2;0;0;0
AMETISTA DO SUL;1;1;1;1;1;0;2;1;1;1;1;2
ANDRE DA ROCHA;0;0;0;2;0;0;0;0;0;0;0;0
ANTA GORDA;0;0;1;0;0;0;1;0;0;2;0;1
ANTONIO PRADO;1;0;4;1;0;0;0;2;0;0;1;1
ARAMBARE;1;1;1;0;0;0;0;0;0;0;2;0
ARARICA;2;2;0;0;1;0;1;1;2;1;0;2
ARATIBA;0;1;0;3;0;4;0;0;0;1;0;1
ARROIO DO MEIO;2;1;0;1;2;1;3;2;0;0;3;3
ARROIO DO PADRE;0;1;0;0;0;0;0;0;0;0;0;0
ARROIO DO SAL;3;4;4;3;2;1;1;1;1;2;3;9
ARROIO DO TIGRE;2;1;1;0;0;2;2;0;2;1;1;1
ARROIO DOS RATOS;2;0;2;1;3;0;1;4;2;1;0;2
ARROIO GRANDE;1;5;2;3;2;4;1;1;1;0;2;2
ARVOREZINHA;1;1;0;4;1;0;2;0;2;0;0;1
AUGUSTO PESTANA;1;1;0;0;1;0;0;0;1;0;0;1
AUREA;1;0;1;0;1;1;0;1;1;0;0;1
BAGE;18;19;15;26;16;17;22;30;21;27;31;35
BALNEARIO PINHAL;6;8;7;4;2;2;1;4;3;4;2;5
BARAO;0;0;0;1;0;1;0;0;0;0;0;0
BARAO DE COTEGIPE;1;3;2;1;1;3;1;1;0;0;1;5
BARAO DO TRIUNFO;0;0;1;0;0;0;1;0;0;2;1;0
BARRA DO GUARITA;0;0;1;0;0;0;1;0;1;0;0;0
BARRA DO QUARAI;1;1;1;0;0;1;1;0;0;1;2;0
BARRA DO RIBEIRO;2;3;2;2;1;2;0;2;1;1;2;4
BARRA DO RIO AZUL;0;0;0;0;0;0;1;0;0;0;0;1
BARRA FUNDA;0;0;0;0;0;0;0;1;0;0;0;0
BARRACAO;2;1;2;2;0;0;0;0;0;0;2;0
BARROS CASSAL;0;2;0;0;0;1;0;0;1;2;0;1
BENJAMIN CONSTANT DO SUL;0;0;0;0;0;0;0;0;0;0;0;0
BENTO GONCALVES;20;26;25;13;16;11;15;21;15;20;16;19
BOA VISTA DAS MISSOES;1;0;1;0;0;0;0;0;0;1;0;0
BOA VISTA DO BURICA;1;0;0;0;0;0;0;0;0;1;1;0
BOA VISTA DO CADEADO;1;1;0;1;0;0;0;0;0;0;0;0
BOA VISTA DO INCRA;0;0;0;0;1;0;0;0;0;0;0;0
BOA VISTA DO SUL;0;0;0;0;0;1;0;0;0;0;0;1
BOM JESUS;4;1;2;1;0;3;4;1;2;3;0;2
BOM PRINCIPIO;2;1;4;1;2;0;1;0;2;0;2;3
BOM PROGRESSO;0;0;0;2;0;0;0;1;0;1;0;1
BOM RETIRO DO SUL;2;1;1;1;2;3;1;2;1;1;0;2
BOQUEIRAO DO LEAO;1;0;1;1;0;0;1;0;0;0;0;0
BOSSOROCA;1;1;0;0;2;1;1;2;0;1;0;1
BOZANO;0;0;0;0;0;0;0;0;0;0;0;0
BRAGA;0;2;0;0;0;0;0;0;0;0;0;1
BROCHIER;2;2;0;0;0;0;1;0;0;0;0;0
BUTIA;1;2;6;0;3;4;2;0;4;1;5;1
CACAPAVA DO SUL;4;3;11;5;1;7;3;4;6;8;12;10
CACEQUI;0;2;4;0;1;2;0;1;3;1;2;0
CACHOEIRA DO SUL;18;12;13;21;11;17;14;17;15;14;13;27
CACHOEIRINHA;23;27;22;15;29;21;12;11;26;27;22;24
CACIQUE DOBLE;0;2;0;1;1;1;0;0;0;0;1;2
CAIBATE;2;0;0;0;0;0;0;0;2;0;0;1
CAICARA;1;0;0;0;1;1;1;1;0;0;0;2
CAMAQUA;13;12;12;7;6;10;6;4;10;6;12;12
CAMARGO;0;0;0;0;1;0;0;0;0;0;0;0
CAMBARA DO SUL;1;2;0;0;1;2;1;1;0;1;1;1
CAMPESTRE DA SERRA;2;1;0;0;0;2;0;1;0;0;1;1
CAMPINA DAS MISSOES;1;0;0;0;0;0;0;0;1;1;2;1
CAMPINAS DO SUL;1;1;0;1;1;0;0;0;2;3;1;0
CAMPO BOM;12;9;14;6;5;3;3;2;2;10;4;7
CAMPO NOVO;1;2;1;2;0;2;0;1;3;1;1;4
CAMPOS BORGES;1;0;0;0;0;0;0;0;0;1;0;0
CANDELARIA;4;4;5;5;3;3;6;5;5;4;1;6
CANDIDO GODOI;0;1;2;0;0;0;0;1;0;1;0;1
CANDIOTA;2;2;0;2;0;0;3;1;1;2;1;1
CANELA;13;8;9;10;10;12;4;7;7;11;9;14
CANGUCU;10;3;9;4;3;4;4;5;4;1;6;4
CANOAS;87;67;77;64;59;39;47;61;49;62;64;80
CANUDOS DO VALE;0;0;0;0;0;0;0;0;0;0;0;0
CAPAO BONITO DO SUL;0;0;0;2;0;0;0;0;1;0;1;0
CAPAO DA CANOA;22;21;14;7;6;12;9;8;8;8;5;23
CAPAO DO CIPO;0;0;0;0;0;0;0;0;0;0;0;0
CAPAO DO LEAO;5;1;3;7;1;1;2;4;0;3;4;2
CAPELA DE SANTANA;2;1;0;1;1;1;0;2;0;1;1;0
CAPITAO;0;0;0;0;1;0;0;0;0;0;0;0
CAPIVARI DO SUL;1;0;0;0;0;0;1;2;0;0;1;0
CARAA;0;2;1;0;1;1;1;0;1;3;0;0
CARAZINHO;16;6;8;15;12;7;6;13;8;9;8;16
CARLOS BARBOSA;3;3;2;0;2;3;0;1;3;3;2;1
CARLOS GOMES;0;1;0;0;0;0;0;0;0;0;0;0
CASCA;1;1;0;1;2;0;0;1;0;1;0;2
CASEIROS;0;0;0;0;0;0;0;0;0;1;2;0
CATUIPE;1;0;1;0;0;1;0;1;2;3;1;1
CAXIAS DO SUL;65;66;75;51;77;66;49;53;66;64;52;64
CENTENARIO;0;0;0;0;0;0;0;2;0;0;0;0
CERRITO;1;0;3;0;0;1;0;0;1;1;0;1
CERRO BRANCO;3;0;0;1;1;0;0;0;2;0;0;1
CERRO GRANDE;0;1;0;0;0;0;1;0;0;0;1;0
CERRO GRANDE DO SUL;2;1;1;0;0;1;0;0;0;0;0;2
CERRO LARGO;6;0;4;1;2;1;1;0;0;2;1;3
CHAPADA;1;0;0;1;1;0;0;1;1;0;0;1
CHARQUEADAS;8;7;4;5;3;8;3;4;8;4;7;4
CHARRUA;0;0;0;0;0;1;0;0;0;0;0;1
CHIAPETTA;0;0;0;0;0;1;0;0;0;0;0;1
CHUI;3;0;0;0;0;0;1;3;0;2;2;0
CHUVISCA;0;1;0;0;0;1;0;0;0;0;0;0
CIDREIRA;10;10;3;7;3;5;4;3;5;7;6;4
CIRIACO;0;0;0;0;0;1;0;0;0;0;2;2
COLINAS;0;0;1;0;1;0;0;0;1;0;0;0
COLORADO;0;0;0;0;2;0;0;0;0;0;0;1
CONDOR;0;3;0;0;0;0;1;0;0;1;0;0
CONSTANTINA;2;0;0;1;1;1;1;0;0;2;1;0
COQUEIRO BAIXO;0;0;0;0;1;0;0;0;0;0;0;0
COQUEIROS DO SUL;0;0;0;0;0;1;1;0;0;0;1;0
CORONEL BARROS;0;1;0;0;0;0;0;0;1;0;0;0
CORONEL BICACO;0;0;4;0;1;1;1;1;0;1;3;3
CORONEL PILAR;0;0;0;0;0;1;0;0;0;0;0;1
COTIPORA;1;0;0;1;2;0;0;1;0;1;0;0
COXILHA;0;0;0;0;0;0;0;0;0;0;0;0
CRISSIUMAL;2;3;1;0;0;1;0;2;2;4;3;5
CRISTAL;2;1;2;2;0;0;0;0;0;0;1;0
CRISTAL DO SUL;0;0;1;0;0;0;0;0;0;0;0;0
CRUZ ALTA;18;23;25;9;10;10;18;11;12;12;17;27
CRUZALTENSE;0;0;0;0;1;0;0;0;0;0;0;0
CRUZEIRO DO SUL;3;3;2;2;0;2;0;0;1;0;2;0
DAVID CANABARRO;0;0;0;0;0;1;0;0;0;0;1;1
DERRUBADAS;1;0;0;2;0;0;0;0;0;0;0;0
DEZESSEIS DE NOVEMBRO;0;0;1;0;0;0;1;0;0;0;0;0
DILERMANDO DE AGUIAR;0;0;1;0;1;0;0;0;0;0;0;0
DOIS IRMAOS;1;2;5;3;0;3;0;2;2;3;10;2
DOIS IRMAOS DAS MISSOES;0;0;0;3;0;0;0;0;1;0;0;1
DOIS LAJEADOS;0;0;1;0;0;0;0;0;0;0;0;0
DOM FELICIANO;1;2;2;1;3;3;3;2;2;1;1;1
DOM PEDRITO;8;7;1;7;7;8;5;4;7;1;4;8
DOM PEDRO DE ALCANTARA;0;0;1;0;1;0;0;0;1;2;0;0
DONA FRANCISCA;1;0;0;1;0;1;1;1;0;0;0;2
DOUTOR RICARDO;0;0;0;0;0;0;0;0;0;0;0;0
DR MAURICIO CARDOSO;0;0;0;1;0;0;1;0;1;0;0;2
ELDORADO DO SUL;16;8;6;8;1;4;10;6;5;11;12;6
ENCANTADO;3;4;1;2;1;4;2;3;3;3;0;5
ENCRUZILHADA DO SUL;3;5;1;4;2;2;3;1;5;3;2;0
ENGENHO VELHO;0;0;0;0;0;0;0;0;0;0;0;0
ENTRE IJUIS;1;0;2;0;3;1;2;1;0;2;1;0
ENTRE RIOS DO SUL;0;0;0;0;0;0;1;0;0;0;2;0
EREBANGO;1;3;1;2;0;0;1;0;0;1;0;1
ERECHIM;33;27;26;25;24;23;22;20;24;25;32;34
ERNESTINA;0;1;0;0;2;0;0;0;0;0;1;0
ERVAL GRANDE;0;0;1;1;1;1;0;0;0;1;2;0
ERVAL SECO;0;2;0;0;1;0;0;0;0;0;0;0
ESMERALDA;1;0;0;0;0;0;0;0;1;0;0;0
ESPERANCA DO SUL;0;0;0;0;0;0;0;0;0;0;0;0
ESPUMOSO;9;3;1;0;2;2;1;1;3;2;2;3
ESTACAO;0;0;0;0;0;0;0;1;1;0;0;1
ESTANCIA VELHA;4;8;4;6;7;8;4;6;7;11;2;6
ESTEIO;11;12;10;8;16;10;16;10;11;11;16;10
ESTRELA;2;5;2;2;2;4;2;4;1;5;4;4
ESTRELA VELHA;0;0;0;0;1;1;0;0;0;0;0;0
EUGENIO DE CASTRO;0;0;0;0;0;1;0;1;0;1;0;0
FAGUNDES VARELA;0;0;0;0;0;0;1;0;0;0;0;1
FARROUPILHA;14;7;9;7;14;10;8;11;3;9;12;13
FAXINAL DO SOTURNO;1;1;1;0;6;1;1;0;1;0;2;3
FAXINALZINHO;0;0;1;0;0;0;0;1;0;2;0;0
FAZENDA VILA NOVA;0;1;1;0;1;0;1;1;1;1;0;0
FELIZ;1;3;4;2;1;2;1;0;0;2;2;4
FLORES DA CUNHA;1;2;4;0;2;3;1;3;1;5;3;4
FLORIANO PEIXOTO;0;0;0;0;0;0;1;0;1;0;0;0
FONTOURA XAVIER;1;1;2;3;0;1;0;0;1;2;0;2
FORMIGUEIRO;0;1;5;2;2;0;0;1;1;1;0;0
FORQUETINHA;1;0;0;1;0;0;0;0;0;0;2;0
FORTALEZA DOS VALOS;0;0;0;0;0;0;0;0;0;0;0;1
FREDERICO WESTPHALEN;5;5;1;3;4;6;3;3;5;0;3;6
GARIBALDI;5;7;2;3;0;3;1;0;3;5;4;5
GARRUCHOS;0;0;0;0;0;0;0;0;0;0;0;0
GAURAMA;0;0;1;0;1;0;3;0;1;1;1;1
GENERAL CAMARA;0;1;2;1;2;0;1;0;0;1;0;0
GENTIL;0;0;1;0;0;0;0;0;0;1;0;0
GETULIO VARGAS;2;3;4;3;1;2;2;1;6;2;7;2
GIRUA;2;1;1;2;0;2;3;3;4;1;2;2
GLORINHA;1;0;1;0;0;0;0;0;0;0;1;0
GRAMADO;2;12;8;7;6;6;2;7;8;5;14;6
GRAMADO DOS LOUREIROS;0;0;0;0;0;0;0;0;0;2;1;0
GRAMADO XAVIER;0;0;0;0;0;0;0;0;0;0;0;0
GRAVATAI;44;52;49;44;38;44;34;27;41;36;42;42
GUABIJU;0;1;0;0;0;0;0;0;0;0;0;0
GUAIBA;25;24;15;10;12;13;10;10;16;15;13;21
GUAPORE;0;5;2;4;4;3;4;2;3;3;4;4
GUARANI DAS MISSOES;1;1;1;1;0;0;0;0;3;0;0;4
HARMONIA;1;0;0;0;0;0;0;0;0;0;0;0
HERVAL;0;2;2;1;4;0;0;1;0;0;2;0
HERVEIRAS;0;0;0;2;0;0;0;0;0;0;1;2
HORIZONTINA;1;4;3;6;1;4;0;2;2;3;2;2
HULHA NEGRA;0;0;1;0;0;0;2;1;2;0;0;1
HUMAITA;0;0;1;0;0;0;0;0;0;2;0;0
IBARAMA;1;1;0;1;0;0;0;1;1;0;1;0
IBIACA;1;0;0;2;0;0;0;1;0;0;0;1
IBIRAIARAS;1;0;0;0;0;2;0;0;1;0;0;1
IBIRAPUITA;0;0;0;0;0;3;0;1;0;0;0;2
IBIRUBA;1;1;0;0;0;0;1;0;0;1;1;4
IGREJINHA;9;11;6;9;4;12;2;6;7;6;9;13
IJUI;14;11;17;19;18;25;12;18;14;15;20;31
ILOPOLIS;0;0;0;0;0;0;1;0;0;0;0;0
IMBE;8;6;10;12;7;4;1;5;4;6;5;11
IMIGRANTE;0;0;0;0;0;0;1;0;0;2;0;0
INDEPENDENCIA;0;0;0;0;0;0;2;1;0;0;1;1
INHACORA;0;0;0;0;0;0;0;0;0;0;0;0
IPE;0;1;1;1;1;1;0;0;0;0;0;1
IPIRANGA DO SUL;0;0;0;0;0;0;0;0;0;0;0;0
IRAI;1;4;1;2;2;1;1;2;0;1;1;2
ITAARA;1;0;1;0;0;0;0;1;1;3;2;1
ITACURUBI;0;1;1;0;0;0;0;0;0;1;0;2
ITAPUCA;0;0;0;0;0;0;0;1;0;0;0;0
ITAQUI;9;4;10;7;6;8;0;3;5;0;7;8
ITATI;0;0;0;0;0;0;0;0;1;0;0;0
ITATIBA DO SUL;1;2;0;1;0;0;0;0;3;0;0;1
IVORA;2;0;0;0;0;0;0;1;0;0;0;0
IVOTI;1;0;3;0;1;2;1;3;1;0;3;3
JABOTICABA;0;0;1;0;0;0;0;0;0;0;1;0
JACUIZINHO;0;0;0;0;0;0;1;0;0;0;0;0
JACUTINGA;0;2;3;1;0;0;1;1;0;1;1;0
JAGUARAO;5;4;4;5;3;3;3;2;5;5;2;9
JAGUARI;2;1;2;4;1;1;1;0;0;2;2;1
JAQUIRANA;1;0;1;0;0;0;0;0;1;1;1;0
JARI;0;0;0;0;0;0;0;0;0;0;1;0
JOIA;3;1;0;1;0;0;1;0;0;1;0;0
JULIO DE CASTILHOS;1;3;3;5;5;5;2;4;3;2;4;8
LAGOA BONITA DO SUL;0;0;0;0;0;0;0;1;0;0;2;0
LAGOA DOS TRES CANTOS;0;0;0;0;0;0;0;0;0;0;0;0
LAGOA VERMELHA;4;4;3;6;7;1;5;2;2;6;2;2
LAGOAO;0;0;0;0;0;0;0;0;0;0;0;0
LAJEADO;14;14;8;5;9;8;6;12;9;8;12;22
LAJEADO DO BUGRE;0;0;1;0;0;0;0;0;0;0;0;0
LAVRAS DO SUL;0;1;3;0;0;1;1;0;1;1;2;1
LIBERATO SALZANO;0;0;0;0;0;0;0;0;0;0;0;1
LINDOLFO COLLOR;0;0;0;3;1;0;1;1;1;2;1;0
LINHA NOVA;0;0;0;0;0;1;0;0;0;0;0;0
MACAMBARA;0;0;0;0;0;0;0;0;2;1;0;2
MACHADINHO;2;1;1;1;1;2;0;1;1;2;1;1
MAMPITUBA;0;0;0;1;0;1;0;0;0;0;0;0
MANOEL VIANA;1;0;1;0;2;0;0;5;1;0;2;7
MAQUINE;4;3;2;0;0;0;0;2;1;0;1;0
MARATA;0;0;1;0;0;2;0;0;1;1;0;0
MARAU;2;3;2;4;4;2;2;5;3;5;6;2
MARCELINO RAMOS;1;0;1;0;1;1;0;0;0;0;2;0
MARIANA PIMENTEL;0;0;0;0;0;0;0;0;0;0;0;0
MARIANO MORO;0;0;0;0;0;1;0;0;0;0;0;1
MARQUES DE SOUZA;0;0;1;0;0;0;0;0;0;0;0;0
MATA;1;0;1;1;0;0;2;0;0;0;0;1
MATO CASTELHANO;0;0;0;0;0;1;0;0;1;0;0;1
MATO LEITAO;0;1;0;1;0;1;1;1;1;0;0;0
MATO QUEIMADO;0;0;0;0;0;0;0;0;0;1;0;0
MAXIMILIANO DE ALMEIDA;1;0;1;0;0;0;0;0;1;2;1;1
MINAS DO LEAO;1;1;2;2;2;0;1;1;0;0;1;0
MIRAGUAI;2;0;0;3;0;2;0;0;0;1;1;1
MONTAURI;0;0;0;0;0;0;0;0;0;0;0;0
MONTE ALEGRE DOS CAMPOS;1;0;0;1;0;0;0;0;0;0;3;0
MONTE BELO DO SUL;0;1;0;0;1;0;0;1;0;0;0;0
MONTENEGRO;14;11;11;7;12;4;9;6;4;4;8;7
MORMACO;0;0;0;0;0;0;0;0;0;0;0;0
MORRINHOS DO SUL;0;0;0;0;0;0;0;0;0;0;0;0
MORRO REDONDO;0;0;0;0;0;0;2;0;0;0;0;0
MORRO REUTER;0;0;0;1;0;0;0;0;0;0;1;2
MOSTARDAS;3;1;3;2;1;0;1;0;1;1;4;3
MUCUM;2;0;0;0;0;0;0;1;0;1;1;1
MUITOS CAPOES;0;0;2;0;0;0;2;0;1;1;0;0
MULITERNO;0;0;0;0;0;0;0;0;0;0;0;0
NAO-ME-TOQUE;1;2;4;2;3;0;5;2;1;1;1;5
NICOLAU VERGUEIRO;0;0;0;0;0;0;0;0;0;1;0;0
NONOAI;1;3;2;1;3;0;4;1;1;2;1;2
NOVA ALVORADA;0;0;0;0;0;0;0;0;0;2;0;0
NOVA ARACA;0;0;1;1;0;0;0;0;2;0;0;0
NOVA BASSANO;0;0;2;3;0;1;0;2;0;1;2;1
NOVA BOA VISTA;0;0;0;0;0;0;0;0;0;0;0;1
NOVA BRESCIA;0;0;1;0;0;0;0;0;0;1;1;0
NOVA CANDELARIA;0;0;0;1;0;0;0;0;0;1;0;0
NOVA ESPERANCA DO SUL;1;1;0;0;0;0;0;0;0;0;0;1
NOVA HARTZ;4;4;1;1;3;4;3;0;1;1;5;2
NOVA PADUA;0;0;0;0;0;0;0;0;0;0;0;0
NOVA PALMA;1;0;0;0;1;1;0;2;0;1;0;2
NOVA PETROPOLIS;0;2;5;0;2;1;1;2;2;1;1;1
NOVA PRATA;4;0;7;3;1;0;4;3;5;6;4;5
NOVA RAMADA;0;2;0;0;0;0;0;0;0;0;1;0
NOVA ROMA DO SUL;0;0;0;0;0;0;0;0;1;0;0;0
NOVA SANTA RITA;5;3;2;0;3;7;3;2;4;4;17;7
NOVO BARREIRO;1;0;0;1;0;0;0;0;0;0;0;0
NOVO CABRAIS;1;0;0;0;0;0;0;0;0;0;0;0
NOVO HAMBURGO;28;29;33;30;21;25;26;25;35;34;38;28
NOVO MACHADO;0;0;0;0;0;0;0;0;1;0;1;3
NOVO TIRADENTES;0;0;0;0;0;0;0;0;0;0;0;0
NOVO XINGU;0;0;0;0;0;0;0;0;0;0;0;0
OSORIO;13;16;10;7;8;10;9;2;7;7;4;11
PAIM FILHO;0;0;0;1;0;0;0;0;0;0;0;1
PALMARES DO SUL;3;2;0;0;2;0;3;1;1;0;3;4
PALMEIRA DAS MISSOES;14;3;7;5;2;4;0;2;5;5;5;11
PALMITINHO;0;1;2;0;0;1;0;2;1;0;1;2
PANAMBI;9;5;4;11;6;6;2;1;6;4;4;6
PANTANO GRANDE;3;0;0;0;0;0;1;1;2;1;0;3
PARAI;1;0;1;0;0;0;0;0;2;0;0;0
PARAISO DO SUL;0;2;1;0;1;0;2;0;0;1;0;1
PARECI NOVO;1;0;0;0;1;0;0;1;0;1;0;0
PAROBE;12;5;10;19;13;4;12;4;5;6;11;9
PASSA SETE;2;0;0;0;0;0;0;0;0;0;0;0
PASSO DO SOBRADO;0;0;0;0;0;0;0;0;1;1;3;1
PASSO FUNDO;61;51;40;48;38;31;36;49;42;60;52;50
PAULO BENTO;0;0;0;0;0;0;0;0;0;0;0;0
PAVERAMA;0;1;0;0;0;1;1;3;1;3;0;0
PEDRAS ALTAS;0;0;0;0;0;0;0;1;0;0;0;0
PEDRO OSORIO;4;2;1;2;1;4;1;1;3;0;1;2
PEJUCARA;0;0;1;0;0;0;0;1;0;1;1;0
PELOTAS;53;50;60;71;41;55;35;54;60;64;54;90
PICADA CAFE;0;1;0;0;0;1;0;1;0;0;0;0
PINHAL;2;0;0;0;0;0;0;0;1;0;0;1
PINHAL DA SERRA;1;0;0;0;0;0;0;0;0;0;0;0
PINHAL GRANDE;0;0;1;0;1;0;0;0;0;0;0;0
PINHEIRINHO DO VALE;0;0;2;1;0;1;1;1;1;2;0;0
PINHEIRO MACHADO;2;2;4;1;3;1;3;1;3;0;0;2
PINTO BANDEIRA;2;0;0;0;0;1;0;0;0;0;0;0
PIRAPO;0;0;0;0;0;0;0;0;0;0;0;0
PIRATINI;2;3;2;1;1;0;0;1;3;1;1;2
PLANALTO;2;0;1;0;1;0;1;0;0;1;1;0
POCO DAS ANTAS;0;1;0;0;0;0;0;0;0;0;0;0
PONTAO;0;0;0;0;0;0;0;0;0;0;1;1
PONTE PRETA;0;0;0;1;0;0;0;0;0;0;0;0
PORTAO;5;3;3;3;3;5;5;3;4;2;7;6
PORTO ALEGRE;369;290;347;303;243;281;218;209;303;309;296;352
PORTO LUCENA;0;0;2;0;0;0;0;0;0;0;2;0
PORTO MAUA;0;0;0;0;0;0;0;0;0;0;1;0
PORTO VERA CRUZ;0;0;1;0;0;0;0;1;0;0;0;0
PORTO XAVIER;2;0;0;2;1;2;0;0;1;1;0;2
POUSO NOVO;0;0;0;0;0;0;1;0;0;1;1;0
PRESIDENTE LUCENA;0;0;0;0;0;0;0;0;0;0;1;0
PROGRESSO;0;1;0;0;0;0;0;1;0;1;2;0
PROTASIO ALVES;0;1;0;0;0;0;0;1;0;1;0;0
PUTINGA;0;1;0;2;0;0;0;0;0;0;0;0
QUARAI;3;6;3;4;7;8;4;7;9;3;4;4
QUATRO IRMAOS;0;0;0;0;2;0;0;3;0;2;1;0
QUEVEDOS;0;0;0;0;0;0;0;1;0;0;0;0
QUINZE DE NOVEMBRO;1;1;0;0;0;0;0;1;0;0;0;0
REDENTORA;2;0;0;0;1;3;2;1;1;2;1;1
RELVADO;0;0;0;0;0;0;0;0;0;0;0;0
RESTINGA SECA;4;1;1;2;1;2;2;3;2;1;3;2
RIO DOS INDIOS;0;0;0;0;1;0;0;0;0;0;0;0
RIO GRANDE;47;41;58;41;38;33;28;26;26;44;34;54
RIO PARDO;4;2;9;4;3;2;9;0;3;7;5;9
RIOZINHO;0;0;0;0;0;0;0;0;1;0;0;0
ROCA SALES;1;2;1;3;0;2;5;4;1;2;1;1
RODEIO BONITO;1;0;0;0;0;1;0;0;0;0;0;0
ROLADOR;1;0;1;0;0;0;0;0;0;0;0;0
ROLANTE;3;4;0;2;1;2;4;4;2;3;2;3
RONDA ALTA;0;1;4;1;1;0;2;0;0;0;0;2
RONDINHA;1;1;0;0;0;1;0;0;0;0;0;0
ROQUE GONZALES;0;0;1;2;2;1;0;1;0;1;0;1
ROSARIO DO SUL;10;5;9;3;4;5;3;3;4;5;7;18
SAGRADA FAMILIA;0;0;0;1;0;0;0;0;0;0;0;0
SALDANHA MARINHO;0;0;0;1;1;1;0;0;0;0;1;0
SALTO DO JACUI;2;1;2;3;5;1;2;3;3;1;1;2
SALVADOR DAS MISSOES;0;0;0;1;0;0;0;0;0;0;0;0
SALVADOR DO SUL;1;1;1;1;0;0;0;0;0;0;1;0
SANANDUVA;0;0;0;0;1;1;1;2;1;2;1;0
SANTA BARBARA DO SUL;0;1;1;0;0;0;2;2;1;0;1;2
SANTA CECILIA DO SUL;1;0;0;0;0;0;0;0;0;0;0;0
SANTA CLARA DO SUL;0;0;0;2;0;1;0;0;0;2;0;0
SANTA CRUZ DO SUL;25;21;19;19;15;27;21;20;16;15;21;20
SANTA MARGARIDA DO SUL;0;2;0;0;1;0;0;0;0;0;0;1
SANTA MARIA;93;65;61;52;43;59;56;57;72;51;73;63
SANTA MARIA DO HERVAL;0;0;0;0;0;0;0;1;2;0;0;1
SANTA ROSA;14;14;5;12;14;20;3;12;13;14;17;13
SANTA TEREZA;0;0;0;0;0;0;0;0;0;0;0;0
SANTA VITORIA DO PALMAR;7;4;6;9;6;6;3;7;2;8;4;4
SANTANA DA BOA VISTA;0;0;1;0;0;0;0;0;2;0;0;3
SANTANA DO LIVRAMENTO;7;15;16;23;14;14;10;9;15;12;14;27
SANTIAGO;15;8;7;3;5;6;3;8;10;8;9;7
SANTO ANGELO;25;13;19;16;13;10;12;8;17;10;15;17
SANTO ANTONIO DA PATRULHA;5;9;9;4;3;7;5;5;6;6;5;4
SANTO ANTONIO DAS MISSOES;0;0;1;0;1;0;1;2;1;0;2;5
SANTO ANTONIO DO PALMA;1;0;0;0;0;0;0;0;1;0;0;1
SANTO ANTONIO DO PLANALTO;0;0;0;0;0;1;0;0;0;1;0;0
SANTO AUGUSTO;0;2;3;3;0;4;0;2;1;2;3;1
SANTO CRISTO;0;0;1;3;1;2;0;0;2;0;0;1
SANTO EXPEDITO DO SUL;0;0;0;0;0;0;0;0;0;0;0;0
SAO BORJA;14;4;8;5;9;7;2;9;12;12;10;14
SAO DOMINGOS DO SUL;0;0;0;1;1;2;0;0;0;0;0;0
SAO FRANCISCO DE ASSIS;3;3;7;2;1;0;0;1;2;1;5;2
SAO FRANCISCO DE PAULA;4;1;4;3;2;1;2;2;3;4;6;4
SAO GABRIEL;13;13;12;13;12;17;12;9;6;3;19;8
SAO JERONIMO;1;6;2;2;2;2;2;5;4;6;3;11
SAO JOAO DA URTIGA;0;0;0;0;0;0;0;0;0;0;0;0
SAO JOAO DO POLESINE;0;0;0;0;0;0;0;0;1;0;0;0
SAO JORGE;0;0;0;0;0;0;0;0;0;1;0;0
SAO JOSE DAS MISSOES;0;0;0;0;0;1;0;0;0;0;0;0
SAO JOSE DO HERVAL;1;1;0;0;0;0;0;0;0;1;0;0
SAO JOSE DO HORTENCIO;1;0;0;0;0;0;0;0;0;0;1;0
SAO JOSE DO INHACORA;0;0;0;0;0;0;0;2;0;0;0;0
SAO JOSE DO NORTE;4;0;4;1;5;1;2;1;1;0;3;3
SAO JOSE DO OURO;0;2;0;1;0;1;0;0;1;1;0;0
SAO JOSE DO SUL;0;0;0;0;0;0;0;0;0;0;0;0
SAO JOSE DOS AUSENTES;0;1;1;0;1;1;1;1;0;1;3;0
SAO LEOPOLDO;51;27;41;28;23;37;31;37;40;45;46;58
SAO LOURENCO DO SUL;6;5;7;6;6;6;4;5;0;6;6;13
SAO LUIZ GONZAGA;4;5;17;6;7;8;3;6;10;5;4;9
SAO MARCOS;2;0;3;0;3;0;4;4;5;3;2;0
SAO MARTINHO;0;2;0;1;0;0;0;0;0;1;1;1
SAO MARTINHO DA SERRA;0;0;1;0;0;1;2;1;1;0;1;0
SAO MIGUEL DAS MISSOES;3;0;0;1;0;0;0;1;0;1;0;2
SAO NICOLAU;1;0;0;0;0;0;1;2;1;0;0;0
SAO PAULO DAS MISSOES;0;0;0;0;0;0;0;0;0;0;1;0
SAO PEDRO DA SERRA;0;0;0;0;1;0;0;1;1;1;0;0
SAO PEDRO DAS MISSOES;0;1;0;0;0;0;0;2;0;0;0;0
SAO PEDRO DO BUTIA;0;0;0;0;1;0;0;0;0;0;0;0
SAO PEDRO DO SUL;3;0;3;1;1;2;0;1;2;0;2;1
SAO SEBASTIAO DO CAI;3;5;9;4;3;2;1;3;2;5;8;4
SAO SEPE;4;1;3;2;6;2;2;2;1;4;4;5
SAO VALENTIM;0;0;0;0;0;0;0;0;0;2;1;0
SAO VALENTIM DO SUL;0;0;0;0;0;0;0;0;0;0;0;0
SAO VALERIO DO SUL;0;0;0;0;0;1;0;0;0;0;0;0
SAO VENDELINO;0;0;0;0;0;0;0;0;0;2;1;0
SAO VICENTE DO SUL;0;0;2;1;2;1;1;0;2;1;1;1
SAPIRANGA;21;9;8;13;4;8;20;10;13;10;22;15
SAPUCAIA DO SUL;24;29;24;19;16;13;18;22;18;22;18;22
SARANDI;3;3;1;3;2;1;2;1;1;3;8;3
SEBERI;0;2;3;1;0;1;1;4;2;2;1;1
SEDE NOVA;1;0;0;0;0;0;0;1;0;0;1;1
SEGREDO;0;0;1;1;2;0;1;1;1;1;0;1
SELBACH;0;0;0;1;0;0;0;1;1;1;1;0
SENADOR SALGADO FILHO;1;0;0;0;0;0;0;0;0;0;1;0
SENTINELA DO SUL;0;0;1;0;1;0;0;3;3;1;1;4
SERAFINA CORREA;6;2;3;0;0;1;3;1;1;3;3;1
SERIO;0;0;0;0;0;0;0;0;0;0;0;0
SERTAO;0;1;0;1;0;0;0;0;1;0;1;0
SERTAO SANTANA;1;2;0;0;0;0;1;0;0;0;0;2
SETE DE SETEMBRO;0;0;0;0;0;1;0;0;0;0;0;0
SEVERIANO DE ALMEIDA;0;0;0;1;3;0;0;0;0;0;0;1
SILVEIRA MARTINS;1;0;1;0;0;0;0;0;0;0;0;0
SINIMBU;0;0;1;0;1;0;0;2;0;1;0;3
SOBRADINHO;6;6;2;5;3;3;2;3;7;5;0;1
SOLEDADE;6;4;6;1;3;7;3;7;8;7;14;5
TABAI;0;0;0;0;0;0;0;0;0;0;0;1
TAPEJARA;3;3;0;4;3;1;3;2;1;1;1;6
TAPERA;1;0;1;3;1;1;0;2;4;1;3;4
TAPES;1;3;1;1;0;3;1;0;3;2;2;0
TAQUARA;5;9;15;13;10;4;14;8;16;10;8;12
TAQUARI;3;3;4;5;4;1;2;2;1;2;1;4
TAQUARUCU DO SUL;0;0;0;1;0;0;0;0;0;0;0;0
TAVARES;2;0;1;0;0;1;0;0;1;0;0;1
TENENTE PORTELA;3;1;5;1;6;5;1;4;5;0;1;5
TERRA DE AREIA;3;1;1;1;3;3;0;2;2;1;2;1
TEUTONIA;4;1;1;1;1;2;3;2;2;1;1;2
TIO HUGO;0;0;0;0;0;1;0;0;0;0;0;1
TIRADENTES DO SUL;1;0;0;0;0;0;0;0;0;0;0;0
TOROPI;0;0;1;0;0;0;0;0;0;1;0;0
TORRES;13;15;10;8;13;10;3;3;3;3;6;9
TRAMANDAI;29;24;14;22;10;3;15;11;10;14;7;16
TRAVESSEIRO;0;0;0;0;0;0;0;0;0;0;0;0
TRES ARROIOS;0;0;0;0;0;1;0;0;0;0;0;0
TRES CACHOEIRAS;0;1;1;1;1;0;1;0;0;1;0;0
TRES COROAS;10;3;3;7;4;3;1;3;7;5;10;6
TRES DE MAIO;0;3;2;2;1;4;1;1;2;1;5;3
TRES FORQUILHAS;0;0;1;0;0;1;0;0;0;0;0;0
TRES PALMEIRAS;0;0;1;1;1;1;0;0;0;0;1;1
TRES PASSOS;10;9;2;5;7;2;7;3;3;4;6;8
TRINDADE DO SUL;0;1;1;1;0;2;0;1;0;0;4;0
TRIUNFO;2;3;2;3;1;6;2;6;3;4;7;6
TUCUNDUVA;0;1;3;1;1;0;4;1;0;0;1;0
TUNAS;0;0;0;0;0;2;0;1;1;0;0;0
TUPANCI DO SUL;0;0;0;0;1;0;0;0;0;0;0;0
TUPANCIRETA;3;3;3;2;2;1;2;2;2;3;3;1
TUPANDI;1;1;0;0;0;1;0;0;0;0;0;2
TUPARENDI;0;0;1;0;0;0;2;1;0;0;0;0
TURUCU;1;0;0;1;0;1;0;0;0;1;0;0
UBIRETAMA;0;0;0;0;3;0;0;0;0;0;0;0
UNIAO DA SERRA;0;0;0;0;0;0;0;0;0;0;0;0
UNISTALDA;0;0;0;0;1;0;0;0;0;0;1;0
URUGUAIANA;32;26;30;21;29;16;20;23;19;31;31;24
VACARIA;18;13;12;16;20;20;13;15;15;15;18;20
VALE DO SOL;2;1;0;3;0;1;1;1;0;0;0;0
VALE REAL;0;0;0;0;0;1;0;1;0;2;0;0
VALE VERDE;0;0;0;0;0;0;0;0;0;0;0;0
VANINI;0;0;0;0;0;0;0;0;0;1;1;0
VENANCIO AIRES;6;9;9;1;3;9;7;12;6;9;3;14
VERA CRUZ;1;3;4;2;4;3;2;3;0;3;2;2
VERANOPOLIS;4;3;5;5;2;1;1;2;1;4;0;4
VESPASIANO CORREA;0;0;0;0;0;0;0;1;0;1;0;0
VIADUTOS;0;0;0;0;1;1;1;1;1;0;1;2
VIAMAO;42;51;51;42;27;48;46;34;45;38;64;42
VICENTE DUTRA;0;0;1;0;0;1;1;0;1;0;1;1
VICTOR GRAEFF;0;0;0;0;0;0;0;0;0;0;1;0
VILA FLORES;1;0;0;0;0;0;0;1;0;0;0;0
VILA LANGARO;0;0;0;0;0;0;0;0;0;0;0;0
VILA MARIA;0;3;0;0;3;0;0;0;0;0;0;0
VILA NOVA DO SUL;0;0;0;0;0;0;0;2;1;0;0;1
VISTA ALEGRE;0;0;0;1;0;1;0;0;0;0;0;0
VISTA ALEGRE DO PRATA;1;0;0;0;0;0;0;0;0;0;0;0
VISTA GAUCHA;0;0;0;0;0;0;0;1;0;0;0;1
VITORIA DAS MISSOES;0;0;0;0;0;0;0;1;0;1;0;0
WESTFALIA;0;0;0;0;0;0;0;0;1;0;0;0
XANGRI-LA;11;6;7;5;0;1;1;1;4;3;2;7
NÃO INFORMADO;0;0;0;0;0;0;0;0;0;0;0;0
